Contrast,RMS,Correlation,Skewness,Kurtosis,Variance,Standard_Deviation,Entropy,Energy,Mean,Output
0.456387868,8.611277378,0.823308912,3.358529006,15.26635524,1294.854341,39.10557159,3.609497497,0.573107754,18.73292542,1
0.523621324,9.97561844,0.853721303,2.849428425,12.04289833,2004.468146,47.06776612,4.17021643,0.420137726,27.0647227,1
0.481740196,9.922909234,0.884276345,2.386336379,8.903399872,2443.327884,51.48067125,3.996900536,0.459803663,29.47789001,1
0.097457108,6.516736646,0.987480096,1.956509099,5.570026628,2657.972212,63.6302262,2.839668635,0.540382243,31.07586161,1
0.18471201,8.610411741,0.984209853,1.267840343,3.075216401,4034.105273,79.74185418,3.922061867,0.386375313,50.70576477,1
0.184344363,8.134055541,0.975628267,1.672609313,4.514284268,2910.036969,63.92286706,3.37044739,0.461916178,35.37654622,1
0.693964461,10.23151038,0.942760059,0.957569818,2.336251325,5764.543623,84.19423903,4.720180123,0.345331946,62.64798991,1
0.280851716,5.115511768,0.925126188,2.647430824,9.28158693,1879.463334,45.91790037,1.863940461,0.694897303,17.94470723,1
0.069822304,7.881037065,0.981277612,3.638671963,16.37658509,1884.606261,49.23248976,3.264116855,0.685098245,20.05201721,1
0.297518382,7.986237896,0.883291853,2.199269672,8.119382209,1443.267492,40.88302482,2.814794286,0.533199305,21.13356018,1
0.370879289,10.24733133,0.948371608,1.479008411,4.149553445,3875.739496,67.25068876,4.605581662,0.402869315,45.25336711,1
0.169577206,8.359378398,0.983909,1.399507478,3.249127434,5261.542019,75.09303484,2.825261322,0.540051383,42.76867167,1
0.195511642,9.179927827,0.981355329,1.193685994,2.742646443,5342.964561,75.93357124,3.414376817,0.464628642,47.88719177,1
0.843091299,5.493950292,0.843625758,2.739704257,9.052708864,3111.225422,56.44873502,1.507919983,0.737810902,19.82020569,1
0.174770221,4.217354491,0.968998622,1.819322047,4.765504983,1073.383314,55.35082055,2.262372818,0.629055884,26.70335388,1
0.180729167,5.481360621,0.969044875,1.491243026,3.694845447,1143.805408,56.71590008,2.824821383,0.542030716,31.82961019,1
0.208318015,9.937703175,0.948330563,2.238306327,7.800973684,1695.688144,48.09937604,4.254466413,0.375632225,28.37532552,1
0.142693015,7.134800046,0.912034625,2.51457897,11.10160157,610.1868262,32.41853547,3.076603697,0.473800734,17.13389587,1
0.359175858,8.555352313,0.970654681,1.292498181,3.079525448,4381.60891,84.61752374,3.545967011,0.442101686,52.6910553,1
0.23114277,8.207405669,0.978733595,1.340668243,3.316721764,2994.981527,80.73740621,3.674732079,0.426804362,50.50832621,1
0.340088848,9.235214768,0.948076362,2.304416276,7.271547767,3438.630455,62.08328632,3.697097158,0.532710235,31.65881348,1
0.284803922,4.358155971,0.957278862,2.535831345,7.82104429,2488.683725,61.98819295,1.724650337,0.738704016,23.1528066,1
0.082567402,5.346152385,0.952332814,2.542391553,9.387271267,831.9217723,38.02527721,2.363667415,0.597198644,17.07102966,1
0.298575368,6.919310319,0.913707738,2.251423603,8.472863077,1271.078854,44.80436403,2.742736593,0.538245392,22.85026042,1
0.325811887,10.23677325,0.95428396,2.135626875,6.594584447,3392.481396,61.55756059,4.920104984,0.403707959,36.35165405,1
0.906066176,11.14899074,0.886837601,1.03263404,3.057846196,3662.077004,69.66569889,5.050486409,0.287588489,56.24362183,1
0.509803922,9.347748148,0.917612641,1.286291699,3.467257246,2932.405974,58.56025321,3.660237781,0.406297401,38.65459188,1
1.896890319,7.06337532,0.819021034,1.656391154,4.001921918,5620.404751,78.9254949,2.329362775,0.57831627,39.17440287,1
0.377052696,10.8611961,0.952774814,0.786869913,2.288521504,3703.653192,66.93309956,4.610013397,0.283445279,55.76792908,1
0.725061275,7.704691263,0.89561822,1.847710342,5.08874791,3678.674954,62.98179942,2.791911424,0.536990342,31.78485616,1
0.564859069,7.636023313,0.912357431,2.074477595,6.050126299,3322.331395,60.57290812,2.847836389,0.554578458,29.0241038,1
0.154166667,4.059732707,0.925163752,4.36476732,22.38978932,1258.189682,38.14928381,1.300089327,0.841723207,10.16589864,1
0.425214461,3.298044876,0.75025342,5.087112365,28.91956172,1166.325825,35.39337907,0.772062932,0.885579603,7.546168009,1
0.332261029,3.976944251,0.947216178,2.743745683,9.328359696,1364.156363,56.12962332,1.560094589,0.736647517,20.35975138,1
1.406740196,8.571306669,0.775979698,1.134881831,2.756601616,3143.656487,60.36154871,3.043535706,0.446209514,38.36462402,1
0.245818015,4.52071476,0.951428701,2.077232547,5.857347112,2111.087005,60.14022298,2.059821665,0.677627851,26.37994385,1
0.383164828,8.387503838,0.887754127,3.038097782,12.54096038,1909.018453,46.35876344,3.278848155,0.621015702,20.39166768,1
0.763449755,7.892448663,0.896725357,1.465647985,3.549129166,4352.893023,69.75581665,2.966605605,0.522904824,39.00092061,1
0.296583946,8.972230073,0.922284417,1.441516793,3.926363215,2256.46097,49.9367657,3.385098679,0.482935366,30.52496338,1
0.526393995,5.467366173,0.916252683,2.887359007,9.882782387,2601.351617,62.6758022,1.875945578,0.753225649,21.85833232,1
0.834436275,8.071133279,0.851261504,1.838558257,5.215308875,3019.210372,56.71638169,2.832768226,0.518229889,29.30329386,1
0.913602941,6.400822926,0.837942115,2.381690398,7.456047417,2988.261764,55.67397467,1.936925008,0.660219994,22.71238708,1
0.891559436,5.830649522,0.832122756,2.929322482,10.45033403,2840.051416,54.20598496,1.742199427,0.712971473,19.03098551,1
0.440272672,5.739730849,0.928180615,2.507668247,7.876461978,3468.339294,61.96826347,1.855349224,0.720618621,23.77383931,1
0.425566789,5.265087524,0.917482119,2.82091038,9.636429843,3068.135557,57.71905734,1.683482929,0.764176769,20.17080688,1
0.781265319,7.91340779,0.874963859,1.99679391,5.85252311,3185.669159,58.85572967,2.862960944,0.515863129,29.34995015,1
0.601685049,7.229460721,0.917967362,1.880602404,5.145783742,3508.094228,62.39253372,2.523766698,0.575152287,30.44704183,1
0.618520221,8.341000094,0.943331066,1.462941542,3.602819485,5174.837776,75.81682131,3.138768088,0.493603462,43.39105733,1
0.877772672,8.478706867,0.892764666,1.443674421,3.537557767,4837.704296,70.87501784,3.093576363,0.491558766,40.5274353,1
0.486933211,5.978231569,0.921945768,2.006636777,5.74067049,2466.667121,59.87787686,2.358234593,0.612095662,27.88724772,1
0.452190564,5.695933838,0.913106909,2.448590165,7.888235163,2208.009147,53.85794608,1.948719389,0.67909566,21.72168986,1
0.490594363,7.752979365,0.871294615,2.213486618,7.287070957,2442.960204,51.13949577,2.750653524,0.573097167,24.65964762,1
0.501041667,5.886892252,0.937042462,1.939104473,5.252782277,3301.49872,66.60714597,2.261925624,0.630073177,30.89804077,1
0.908134191,10.05015724,0.807186401,1.774648174,6.017780978,2425.95905,51.86601879,4.145808472,0.32505481,33.50426737,1
0.502113971,8.060755126,0.941834086,1.508815029,3.79624856,3279.862398,67.37875099,3.169971082,0.486523618,38.26830546,1
0.887530637,9.510271516,0.84131019,1.713856358,5.227304141,2910.893762,57.26855574,3.987743348,0.378010237,35.32376607,1
0.529365809,8.831656311,0.908234977,1.203199595,3.308157018,2618.781192,57.72815009,3.660964054,0.398120289,39.17351278,1
0.225643382,10.34956894,0.942236389,1.651548223,4.880668923,3087.77695,63.60889142,4.558403494,0.3266823,41.11623637,1
0.668167892,6.799552314,0.842690776,2.671431697,9.282271704,2782.600273,53.29866892,2.252785016,0.656783806,21.41724141,1
0.391896446,9.210113365,0.940589051,1.339211919,3.497597386,2547.729006,61.4329529,3.995208124,0.367393656,40.03462728,1
0.138327206,9.641449413,0.934194025,1.604116153,4.845043893,2052.991262,51.00041789,3.866747391,0.39897108,32.40256246,1
0.390992647,9.101357512,0.965668381,1.729695963,4.380377661,6346.72087,85.81811832,3.318309328,0.474454178,47.39585368,1
0.295634191,10.16677449,0.889840992,1.14516354,3.22704474,2051.92948,55.69410507,4.592306357,0.307327801,42.07036845,1
0.216007966,11.30656528,0.905316628,0.918501138,2.570361526,1943.242595,47.88257441,4.721778129,0.294117497,39.11306763,1
0.268795956,7.335986935,0.967223232,2.466876208,7.558129788,3300.127896,73.78466264,2.204815097,0.617620043,30.92669678,1
0.075214461,8.205329985,0.907871781,1.581157565,4.30967928,825.7073827,34.72083416,3.25915422,0.469101385,21.15208944,1
0.339246324,8.69413548,0.909628355,1.403073695,3.65134935,2124.624612,48.09853689,3.235876184,0.465488306,29.24583435,1
0.518213848,7.405352993,0.848019196,1.967732476,5.830470347,2090.218573,48.49559061,2.657004243,0.555996608,24.19590251,1
0.06651348,5.866290887,0.893457187,2.560884941,8.80010364,430.9884765,21.6052617,1.763757252,0.70815368,8.615102132,1
0.456433824,9.231373485,0.96105701,1.13903122,2.682479051,5854.116051,79.82378637,3.542151528,0.434026438,51.85188293,1
0.422824755,7.115000658,0.866031159,2.502477352,8.793544202,2052.501765,46.72380826,2.46397568,0.620404227,20.5358785,1
0.451608456,7.330723858,0.951560175,1.5589338,3.870724747,4128.112603,71.26272037,2.812024511,0.545736982,38.40472921,1
0.554947917,8.122699208,0.8965436,1.942466932,5.978709513,2855.391255,58.88999067,3.077136915,0.490207989,31.4773407,1
0.60323223,7.210167413,0.890005547,2.294589096,7.49416202,2869.300052,59.47848919,2.555156088,0.568593803,27.52440898,1
0.435707721,7.723879296,0.93260695,1.626813611,4.347371352,3278.386181,59.7592695,2.764741502,0.542112095,32.45765177,1
0.425045956,6.690225193,0.954897135,1.868277833,4.926511933,3883.662115,71.06141028,2.462882398,0.595873816,34.08019511,1
0.585003064,7.638804608,0.855184111,2.078983274,6.505147825,2181.137075,48.50863676,2.618524309,0.549964733,23.77283223,1
0.648529412,8.308826812,0.834382293,1.892939158,5.740470046,2394.289244,50.44796129,3.109303159,0.506063081,27.07843526,1
1.120021446,9.041788821,0.870312238,1.481412667,3.791541846,4206.864058,68.69053815,3.647195195,0.397646213,41.06072998,1
0.199571078,8.84337747,0.936225653,1.409340929,3.504779548,3075.548218,60.46913002,3.449139385,0.456249893,36.51757813,1
0.465134804,8.069099645,0.890187195,1.876760995,5.299450643,3669.205954,68.77326954,3.332316176,0.461126915,36.16968282,1
0.195802696,9.550461142,0.943518288,1.010826896,2.5873698,2652.913636,62.15361542,4.013054867,0.367952333,45.37152608,1
1.02544424,8.675891571,0.816553825,1.817301321,5.18705409,3007.623129,57.4030718,3.338705326,0.456370074,31.38115946,1
0.73817402,6.492119955,0.886487166,1.916991445,5.319968032,3017.588925,61.55350089,2.465392196,0.580645838,29.67486064,1
1.105193015,7.944090296,0.772676186,1.812584078,5.196972521,2943.698316,56.8714361,3.007775544,0.505740651,30.12327067,1
0.568198529,8.15703187,0.797936031,2.878149323,11.78792791,1560.546546,41.23956309,3.236590639,0.576147071,19.25241597,1
1.005698529,11.96459599,0.913367423,0.45071009,1.729235865,6015.336771,82.71563877,5.561831156,0.207685899,80.17774963,1
0.446798407,8.755672359,0.935613639,1.565136229,4.193602112,3292.029818,61.80101186,3.306052759,0.468168694,35.68976847,1
0.619010417,9.493683638,0.878267728,1.728149776,5.288595075,2771.270786,54.57723061,3.689464678,0.394286348,33.03793335,1
0.206035539,6.79139539,0.917038326,2.318025376,7.512196079,1740.051915,45.2768458,2.4322328,0.613072261,20.38215637,1
0.464874387,9.581309273,0.863453889,1.845423749,6.443819886,1827.116023,44.85289082,3.670188747,0.39133729,27.63313293,1
0.717677696,10.64764824,0.916951377,0.88256115,2.325517037,5358.092395,75.33982335,4.745578746,0.313093872,58.89750163,1
0.23203125,8.136634624,0.927552833,1.837544226,5.393620371,1751.950593,44.41007688,2.89201717,0.516601951,23.57006836,1
0.312040441,8.980581957,0.924638888,1.933492742,6.299280948,2315.071604,49.46924948,3.390804897,0.466994576,27.90689596,1
0.517279412,7.869806212,0.885033879,2.064627668,6.401938068,2381.79813,51.52676341,2.914716788,0.536796312,25.68444316,1
0.384803922,7.761577547,0.926682102,1.859719331,5.349832256,2417.66208,55.05236969,2.877972134,0.529085446,28.65498352,1
0.600474877,9.340665139,0.944621638,0.93268403,2.383465178,3948.608154,75.83653698,4.241133923,0.342844064,56.72569275,1
1.021415441,8.482540112,0.895377303,1.325635904,3.255793098,4321.929554,71.80705332,3.447043785,0.430860233,44.15743001,1
0.305897672,11.10370905,0.92770103,1.263480627,3.961963359,2110.135337,50.13442915,4.598778239,0.291957899,38.64521281,1
0.183762255,7.474107115,0.893569165,2.272675485,7.578621194,1288.189693,38.82371397,2.78380629,0.578748456,18.62585958,1
0.414690564,8.83453047,0.892269417,1.404540834,3.864954698,2198.099997,53.6839031,3.429061562,0.439105635,33.83140055,1
0.283042279,9.446238784,0.892833015,1.471953253,4.152901457,1881.247054,48.47757612,3.707974686,0.416259627,31.14694722,1
0.591605392,9.509676218,0.861889167,1.60734361,4.993314173,2407.903347,50.40504882,3.714228857,0.383664118,31.74020894,1
0.72578125,8.503969398,0.876130691,1.722558123,4.929942631,2832.035393,56.82705147,3.304707177,0.452307437,32.04348755,1
0.39676777,7.776868658,0.887472398,2.344052887,7.946439937,2271.988281,49.29923733,2.782757723,0.565050816,23.13698324,1
0.393321078,7.775738667,0.882048015,2.384137405,8.241688856,2160.630904,48.08600053,2.768245953,0.565181895,22.50971476,1
0.356617647,7.80730869,0.894334985,2.385135434,8.223694088,2208.350958,48.39506468,2.769839755,0.568667822,22.59616597,1
0.434436275,8.0875411,0.926451401,1.915433173,5.516938007,3130.460351,57.75502019,2.971578435,0.513704073,29.68072001,1
0.531326593,8.636943751,0.9290929,1.78597956,5.18047168,3542.851894,64.50375774,3.291706184,0.455913583,36.09106445,1
0.662025123,8.17505583,0.843261795,1.805522282,5.536794473,2665.037743,52.88969689,2.840831211,0.500776316,28.62808228,1
0.363771446,8.523429219,0.926157407,2.012147903,6.739795855,2585.645233,53.8591032,3.186425206,0.471168972,29.61386617,1
0.726363358,11.53854785,0.920796234,1.059109284,2.849493242,5114.245358,75.39130919,5.468292957,0.266169504,60.65636698,1
0.929396446,9.000760583,0.895439523,1.192274606,2.884484505,4799.967027,74.93518396,3.589299436,0.415038154,48.29800415,1
0.46171875,6.745484793,0.916426377,2.161986163,6.380813629,2943.677303,55.43450783,2.201447406,0.633854986,24.49181112,1
0.449816176,6.977052499,0.925817474,2.063520941,5.957202366,3162.253019,57.91782091,2.426260426,0.599926836,26.7855072,1
1.071492034,9.634905638,0.845061181,1.693596788,4.69361408,3708.126999,62.98899217,3.985411073,0.390160013,37.57182821,1
1.036580882,9.327160845,0.870045839,1.866103018,5.176188943,4404.010466,69.36694535,3.838154703,0.4634404,37.96868896,1
0.750934436,9.124423295,0.877805241,2.222145855,6.97637756,3344.818015,59.07339477,3.666031598,0.47152956,30.52436829,1
0.818719363,9.095986013,0.878548369,2.009115997,6.013428069,3360.948937,61.67156745,3.743782029,0.430592837,33.75322978,1
0.433348652,10.73864308,0.863915632,1.712698291,5.758857709,1815.36915,44.11926654,4.270185504,0.336445465,30.5619812,1
0.414797794,8.161844261,0.941309807,1.686400551,4.432046707,3719.590742,62.64160856,2.935089669,0.526210927,33.39750671,1
0.168765319,4.688794665,0.921900065,3.479382955,14.89299796,1413.259924,40.68772121,1.444704859,0.764322955,12.8944753,1
0.402527574,7.563738817,0.932987823,2.067364712,6.025683309,3129.508278,57.93679713,2.683317172,0.581441164,27.47299194,1
0.146384804,3.846006569,0.930126309,3.792748118,17.35835134,1245.95919,38.63474687,1.228007145,0.8002286,11.19910177,1
0.308379289,6.988766208,0.913937082,1.873010219,5.380822183,1709.98989,46.10861396,2.829603488,0.528718676,23.84518433,1
0.326210172,6.801080309,0.911844536,1.899495939,5.488664534,1719.27529,46.88139907,2.789800557,0.535674267,23.98846436,1
0.484390319,6.401638266,0.840240203,2.492808259,8.865691005,1508.809755,42.05265051,2.247352624,0.608724818,18.26633708,1
0.432996324,9.879507024,0.922739518,1.478426738,4.504042819,3044.409112,60.11795361,4.016006528,0.385779928,39.88990784,1
0.713648897,8.694949935,0.872370942,1.721422391,5.105563774,3104.177088,58.38468351,3.229943467,0.454168079,33.46047465,1
0.763128064,8.07276324,0.892403757,1.65780123,4.435255424,3925.585493,68.16190605,3.229852643,0.490646681,37.86365763,1
0.435814951,8.547394542,0.914528464,1.454089513,3.926053055,2343.417171,54.094458,3.51516497,0.418212517,33.12879944,1
0.200490196,9.129244856,0.954115882,1.581543227,4.47355101,2712.46444,62.3894399,3.8347905,0.398159465,38.82404073,1
0.254932598,8.708880291,0.947088656,1.588444924,4.319843658,3002.057788,67.13571113,3.678344659,0.412995169,40.52891032,1
0.168811275,9.132036975,0.955980598,1.645797056,4.872069885,2433.975729,58.2091701,3.821854879,0.402289801,36.02749634,1
0.676072304,8.707829692,0.873360042,2.128008874,6.559750535,2987.659877,57.41271224,3.358897152,0.503540833,29.4335734,1
0.755958946,9.239634436,0.9089744,1.335681222,3.462359481,4311.534207,69.12879214,3.601364506,0.398730176,44.09680684,1
0.299050245,6.618768026,0.924033238,1.898849387,5.476901387,1610.427104,46.73029933,2.686240013,0.546110872,23.5355072,1
0.458011642,8.651984109,0.923925195,1.619528227,4.586382583,2584.843808,57.99169012,3.390397981,0.442117033,33.858078,1
0.556832108,7.933342608,0.912221677,1.717645796,4.757605583,2480.50194,58.80970185,3.087203443,0.483215024,32.26946513,1
0.431173407,6.206638568,0.874705916,2.412886245,7.93517375,2048.479884,47.73695936,1.969303744,0.657321205,19.96761576,1
0.504258578,10.68631434,0.932012891,1.121726155,3.092491023,3762.686307,65.20227907,4.598982345,0.2957507,49.0514679,1
0.483976716,10.3907516,0.931906607,1.002475914,2.711444229,3734.862506,63.83024147,4.359596836,0.316123321,48.26647441,1
0.803247549,8.767455657,0.850830833,1.712044885,5.09166694,2769.11988,55.18076133,3.349561925,0.434413788,31.94950358,1
0.737821691,8.795990441,0.920103981,1.282560166,3.15488443,5114.793527,75.99400071,3.660851568,0.440338868,47.73205566,1
0.756632966,8.140155566,0.821652201,2.005825382,6.443768674,2163.074582,49.70687736,3.006620779,0.486156086,26.1105245,1
0.405453431,8.227595368,0.936619325,1.537319856,3.909359311,2498.884934,58.93368832,3.154100719,0.48343292,33.35278829,1
0.774356618,8.377578929,0.849871396,1.928850565,5.959234744,2622.36526,53.70117621,3.089688324,0.475443425,28.67622375,1
0.322870711,8.686147986,0.934125215,2.110701048,7.404680911,2388.687853,52.49540075,3.300638419,0.455140729,29.3350118,1
0.750719975,9.757759495,0.855519653,1.957126171,6.623403243,2843.503848,55.34956033,3.924425862,0.386103784,33.48757935,1
0.424938725,8.120294158,0.920247969,1.999127794,5.963970624,3496.793195,63.76177982,3.183539041,0.484380601,32.70072428,1
0.26495098,9.755028799,0.94676842,1.669786205,4.714538751,3400.312495,66.25937292,4.087900692,0.365220898,40.11760457,1
0.23370098,8.558707171,0.946668402,2.061285168,6.285445261,3059.468493,60.83206377,3.231196722,0.474440628,31.12433879,1
0.460799632,8.598572169,0.915403853,1.91416741,5.758617588,2855.577136,56.33459131,3.39889933,0.442661962,30.35565694,1
0.409252451,8.556078338,0.922005554,1.965931518,6.01245571,2791.419422,55.4798381,3.403826816,0.44365946,29.62926229,1
0.572625613,9.821773522,0.912576095,2.07611212,6.25108943,3641.373333,63.93014175,4.109056531,0.486731718,34.78733317,1
0.547947304,12.66042537,0.899829454,1.377938259,4.630500206,3120.014302,58.02435008,5.839036686,0.258428515,51.39587911,1
0.636764706,11.49169411,0.896157008,1.262093039,4.049246122,3532.576071,61.52382399,4.840803273,0.264714322,49.44244893,1
0.250551471,5.136594955,0.90058575,3.172716592,12.58928727,1339.776661,38.48974208,1.472220951,0.743134086,12.77098592,1
0.449724265,8.330084793,0.857455942,1.982467289,6.429938069,2251.642755,48.80950716,2.879374795,0.515487563,25.94322205,1
0.660018382,8.966885249,0.855133218,1.992266688,6.392579974,2413.458815,50.55456265,3.394745403,0.448668262,27.68086751,1
0.728538603,10.76824091,0.90512236,1.375026967,4.078449189,3637.673625,65.95314555,4.5709529,0.298404338,47.25217692,1
0.564552696,9.442263097,0.931180869,1.16565078,2.947316616,3417.897786,69.00774686,4.187768736,0.338815944,46.74564107,1
0.675291054,9.972903888,0.931047802,1.207923683,3.047485563,4761.327142,72.99708654,4.177115221,0.353689636,49.60860697,1
0.620741422,8.325216356,0.934177685,1.446822358,3.642687698,4195.06154,70.23370493,3.177035213,0.480532259,40.94581604,1
0.530208333,7.394319848,0.930255776,1.621036358,4.093675017,3094.923979,63.62461184,2.706997392,0.55169974,33.5491689,1
0.41786152,7.3927436,0.942856042,1.746450216,4.543018836,3234.175697,62.99562755,2.670105748,0.566672286,32.00482686,1
0.447120098,9.47481524,0.898258822,1.461569651,4.176705311,2180.497736,51.64033936,4.054308388,0.345944182,33.75416565,1
0.554166667,9.493927564,0.893587419,2.295094542,8.053419441,3083.688378,57.49442009,3.773284669,0.464152138,31.40655518,1
0.420680147,9.380246406,0.895379727,1.715199129,5.282112483,2229.826313,49.16930047,3.638694755,0.396844261,29.89733378,1
0.614598652,9.653523893,0.877650642,1.700833566,5.235010692,2645.264067,54.84860838,4.00391013,0.355301489,34.48334249,1
0.398483456,8.498909714,0.928090241,1.817630409,5.34109075,2796.41764,56.14556172,3.3633027,0.456088404,31.23352051,1
0.494270833,8.546469593,0.918827695,1.664529793,4.404809266,3125.109019,58.81193756,3.25347676,0.475919701,32.63334147,1
0.461565564,8.215919989,0.915261613,1.795695627,4.913182186,2820.668383,55.94725061,3.045671553,0.500959446,29.63402812,1
0.861106005,9.576700521,0.831536734,1.796146379,5.69631662,2696.941688,54.087342,3.745317748,0.389939781,32.70557658,1
0.572594975,8.384639758,0.908839057,1.634188048,4.265997264,3158.893457,59.81668106,3.194426852,0.475156272,33.2480011,1
0.936534926,7.009970939,0.77176791,2.588426312,9.413288584,2168.337086,49.69101191,2.743717601,0.574492782,22.05817668,1
0.531219363,11.35174765,0.83995705,1.895622618,6.589682036,1949.555337,44.91390717,4.860965687,0.346528616,31.2619578,1
1.338250613,10.78506965,0.878961078,0.78111887,2.047591974,5390.225574,80.10143978,4.748463904,0.27782766,64.37383525,1
0.411121324,11.67164336,0.977677296,0.129857387,1.295439667,5727.486881,102.3109977,5.054266988,0.288528276,110.5996399,1
0.384757966,5.469234274,0.895574437,2.351098312,7.062001946,1846.99579,45.7780348,1.720631816,0.702184442,18.21648661,1
0.642493873,11.50701043,0.965525255,0.152839828,1.305819293,5332.210721,102.1521277,5.094090054,0.269998563,109.0457865,1
0.872395833,9.750543944,0.925211508,0.981522132,2.357888468,5209.945535,80.724968,4.033652162,0.355537546,57.19688416,1
0.946384804,8.20614443,0.902083576,1.475562816,3.650693408,4420.933549,73.47968068,3.151212663,0.484526642,41.88468424,1
0.935340074,9.749582664,0.909680513,0.618978148,1.794155196,3805.071207,75.62469776,4.402436797,0.312316082,63.34977722,1
0.677359069,10.76274363,0.860132412,2.30172371,7.747917735,2520.864879,52.78564733,4.569777832,0.424465692,31.40256755,1
0.40703125,10.7862994,0.88799851,2.74902047,11.60662163,2015.335293,46.98653176,4.530442158,0.41777101,28.61470032,1
0.59486826,10.34531999,0.903809821,1.905567985,5.823640158,3428.511888,61.38415968,4.40636547,0.419543467,37.28354899,1
0.259359681,12.0037616,0.96728431,0.631620714,2.249163725,3900.751591,68.3715499,5.311940195,0.238782472,64.83121236,1
0.423207721,10.61584188,0.966954497,0.779496988,2.129684352,5297.611183,83.57916348,4.677957989,0.291809641,67.96728516,1
0.443045343,9.831615599,0.952737981,0.89309733,2.248459418,3636.86623,71.66087254,4.187164067,0.346921074,53.88260396,1
0.250582108,8.892528761,0.785630122,2.803189655,14.93338195,665.9074077,27.92188377,3.52492382,0.500940414,16.11654154,1
0.370848652,10.06097303,0.83891753,2.088913495,8.112189647,1244.595683,36.81887516,3.92205841,0.440956265,23.17629496,1
0.430422794,10.30700016,0.954591294,0.769172548,2.003319636,3627.548597,71.96843938,4.169002648,0.338478109,57.24652608,1
0.444485294,7.876172266,0.91419402,2.656781488,9.551225574,2578.344636,53.71579556,3.123439575,0.570135059,24.11665344,1
0.236167279,9.458662733,0.867028224,3.240893995,16.16060156,1011.015389,32.50725865,3.774315509,0.592093474,16.93308512,1
0.532245711,10.45248749,0.906992445,1.560311417,4.679149678,2985.852976,57.62830173,4.447227717,0.335823511,39.18207296,1
0.289246324,12.09478497,0.975559065,1.45200858,3.511738358,6105.478328,80.75213124,5.789287919,0.483158461,54.94819641,1
0.275520833,12.07061203,0.976405693,1.537032069,3.773951639,5694.889097,79.89804138,5.827532074,0.508359708,53.17182414,1
0.407781863,7.43660518,0.71198706,3.045224016,14.1604772,808.8645752,30.13535998,2.997010546,0.663565108,13.69377645,1
0.076072304,8.635232265,0.965483492,1.051412817,2.365763231,1014.692588,40.11922068,3.484895395,0.461142618,27.14496867,1
0.188985907,7.571195663,0.915365521,2.265226618,8.188391996,1367.198201,37.60386791,2.54280548,0.564455472,18.32948812,1
1.219454657,8.707865333,0.875460304,1.510321961,3.813587695,5136.592949,73.18610644,3.223562162,0.454970803,42.0025177,1
0.533792892,11.73967327,0.956619585,0.440019827,1.590728658,5561.023626,84.43650494,5.252120013,0.248349484,80.36916606,1
0.544699755,11.53068152,0.957177567,0.295855328,1.48655538,4120.738137,86.27757665,5.415368225,0.238735391,87.78333537,1
0.648590686,11.05306898,0.953075008,0.459071004,1.582959712,5554.117248,88.21915341,4.999361658,0.272849935,81.47586568,1
0.762040441,8.82239017,0.938273467,1.312343686,3.148569482,5954.425589,80.1298677,3.227765618,0.467080195,48.50098165,1
0.57567402,6.7329235,0.85605813,2.547605869,9.820629591,1764.565492,47.44105859,2.533559633,0.559345305,21.86075338,1
1.238740809,10.1615799,0.876631507,0.833048222,2.19110573,3895.773258,74.74764857,4.406563556,0.294833756,58.31204732,1
0.368918505,8.575159111,0.923205622,2.209080529,7.539304143,2525.53362,52.10012442,3.103723622,0.486910564,27.33988953,1
0.393995098,8.386090697,0.928240099,2.394197372,7.974205986,2750.749789,58.25026379,3.385762245,0.546535128,28.17412313,1
0.902022059,9.320359344,0.826581854,1.886797346,6.051144091,2721.904315,55.88436949,3.903751948,0.382667929,34.14871724,1
0.302328431,8.28972024,0.961565939,1.287395016,3.357839166,3510.76624,65.65746783,3.470605922,0.435835515,42.31378174,1
0.731954657,5.176326253,0.825774516,2.736916639,9.091944076,2267.105886,48.8334083,1.41820608,0.743208874,17.11475118,1
0.341988358,8.469759639,0.891613009,1.424042373,3.915354851,1903.72662,46.11252128,3.049244242,0.491454315,27.90489197,1
0.607077206,4.417213838,0.825522302,3.017042148,10.82757761,1779.874263,44.61749121,1.285901746,0.771723031,14.53045146,1
1.384757966,9.117804038,0.835544215,1.122633624,2.67955994,4770.981727,71.38259105,3.559526906,0.397138917,46.98961385,1
0.899571078,8.721559868,0.83831329,1.555063314,4.531089394,2914.89707,58.67526569,3.653919355,0.412833764,36.58661397,1
0.327542892,6.244588415,0.941673882,2.155204819,6.29638102,3045.736628,57.71612088,1.994709272,0.664921426,24.99488831,1
1.012040441,9.417988397,0.8860066,1.039150986,2.544642189,4555.726147,72.50574622,3.74292435,0.383607848,49.94270325,1
0.159068627,5.557003944,0.904536776,2.783592285,9.832866922,1063.050173,33.86133489,1.571774477,0.733706251,12.35804749,1
0.185401348,4.742218276,0.900275167,3.511606055,15.00592145,1113.99889,34.49652388,1.209471503,0.798201889,10.45277405,1
0.135232843,7.264850505,0.960751568,1.915735456,5.634358603,1856.902754,61.30135639,3.436090181,0.455855548,33.9776357,0
0.282996324,7.296462915,0.950193972,1.801289314,5.031759046,3038.096042,76.54783083,3.20288705,0.461530518,43.00613403,0
0.101685049,7.200060942,0.95860795,1.893094488,5.591753005,1423.614145,51.3755449,3.257972317,0.479628652,28.37131755,0
0.206219363,6.373880237,0.904333783,2.640574952,9.365835801,1340.267769,37.35384493,1.964045021,0.685697449,14.86935425,0
0.12745098,7.279712876,0.955664487,1.904573113,5.617097007,1578.593432,55.51907626,3.337001785,0.467148204,30.73660278,0
0.136887255,5.431254163,0.945384665,2.59775988,9.01440705,1519.935378,51.05162395,2.356549435,0.604489714,22.03697713,0
0.142892157,5.921430311,0.946499983,2.385685725,7.857478252,1626.084911,53.25631958,2.659211174,0.558264748,24.73670959,0
0.121875,5.792969544,0.959656301,2.243230928,7.13845425,1480.615888,53.94302001,2.615955031,0.574949321,25.5864563,0
0.26317402,6.88844181,0.922125262,2.352579967,7.553609236,2087.082701,47.08833968,2.278268277,0.628953556,20.42939758,0
0.128262868,7.385482959,0.936546954,2.267858938,7.566679965,1360.579483,46.76100141,3.042709624,0.518041014,23.36631775,0
0.128431373,7.517434201,0.929113964,2.237952826,7.44570193,1210.424492,44.61869999,3.091587545,0.512413712,22.61064657,0
0.143443627,8.088421318,0.931308708,2.055633246,6.513646715,1384.184553,48.16621197,3.386976691,0.46732985,26.0507609,0
0.116881127,7.476454912,0.929165563,1.958535952,6.117145551,1063.517134,40.25161078,3.029728205,0.52857229,21.71395365,0
0.119822304,7.440062168,0.92729259,1.946808691,6.0400875,1074.627343,40.33256705,3.052902044,0.525386914,21.8197581,0
0.157199755,7.988610013,0.919522254,1.863820928,5.79090644,1330.398226,43.80605358,3.539568539,0.468852019,25.0900472,0
0.163817402,7.440395274,0.919141429,2.081942405,6.591251095,1410.32471,45.89830128,3.138759303,0.491159529,24.32569885,0
0.168014706,7.462441117,0.916386164,2.087132581,6.61573809,1394.545615,45.53843014,3.140754028,0.494420523,24.10712179,0
0.189154412,7.811985971,0.911496287,1.860296661,5.718941492,1362.83192,45.8647497,3.394950565,0.462961775,26.28481547,0
0.170511642,6.652516228,0.940567412,2.306861982,7.477975836,2244.55435,56.35669781,2.850206654,0.555900144,26.82000224,0
0.125199142,8.796020909,0.948965445,2.027571372,6.644881312,1896.689993,49.36524411,3.619954583,0.449840478,27.79506429,0
0.179840686,9.409887816,0.943254781,1.650235729,4.626067001,2684.566415,62.00626382,4.106837889,0.375521257,38.53873698,0
0.100520833,7.622807951,0.937916434,2.054061796,6.551643051,1201.281555,40.85288128,3.165486139,0.51485923,21.94960022,0
0.101685049,7.748359024,0.938031498,2.02612081,6.427027772,1225.39558,41.17309394,3.205066225,0.508952448,22.35420736,0
0.171966912,6.523099529,0.927536266,2.245307525,7.321694151,1728.490462,50.91526284,2.830775041,0.543939721,24.60846456,0
0.166819853,6.499135616,0.929072462,2.245004469,7.318495148,1721.368557,50.9138241,2.828963137,0.543882213,24.60690816,0
0.129626225,7.246144107,0.961767042,1.941069725,5.731098475,1901.616084,61.09242106,-124.4279995,0.461026772,33.51172892,0
0.25971201,7.345527035,0.954063409,1.818837243,5.10291282,3129.414943,75.99478105,-123.6059766,0.466879048,42.31729126,0
0.101348039,7.374578902,0.958383841,1.881044877,5.570278079,1448.145507,51.04833674,-122.7839537,0.473971227,28.44471741,0
0.106219363,7.5514121,0.95554094,1.854493229,5.477317463,1456.957928,50.43141537,-121.9619308,0.471736428,28.41641744,0
0.124172794,7.422791875,0.955284622,1.942189547,5.793357287,1683.160423,54.60146277,-121.1399079,0.474902867,29.8396759,0
0.256954657,6.640748362,0.890067603,2.550137389,9.062006854,1613.648538,43.63510939,-120.317885,0.607647333,19.09770711,0
0.150704657,5.918904987,0.945131802,2.36954084,7.755811122,1641.121099,53.69703862,-119.4958621,0.559731191,24.99194845,0
0.151776961,6.350682816,0.943401244,2.470861144,8.499029592,1650.233731,50.91664135,-118.6738392,0.590241371,22.98196411,0
0.132628676,7.385630852,0.956223777,1.940275734,5.721239183,1807.894107,58.86194212,-117.8518163,0.462592823,32.28400167,0
0.135294118,7.711037275,0.93661607,2.137861894,6.911318121,1382.372229,48.32642115,-117.0297935,0.488105299,25.35067749,0
0.127159926,7.640016818,0.931422059,2.186774685,7.193988437,1221.160956,45.1296875,-116.2077706,0.501764063,23.30865987,0
0.135003064,7.667558131,0.930763415,2.192909196,7.185417824,1309.59982,46.37870236,-115.3857477,0.499676968,23.83214823,0
0.115778186,7.399130283,0.929141838,1.97197284,6.179976937,1046.154923,40.02212902,-114.5637248,0.532590138,21.45672607,0
0.11651348,7.34316949,0.928447402,1.97889451,6.180326785,1068.039261,40.05916225,-113.7417019,0.532968708,21.39667765,0
0.157077206,7.875195535,0.918587223,1.885796886,5.891332219,1306.663888,43.43602259,-112.919679,0.4754181,24.66107178,0
0.159497549,7.293270668,0.919440843,2.138750454,6.85772872,1400.181484,45.22439202,-112.0976561,0.50521966,23.41610718,0
0.168596814,7.44151272,0.915921452,2.099383066,6.672506386,1397.179728,45.43235555,-111.2756332,0.497250901,23.93172709,0
0.167647059,7.51537917,0.914049516,1.945099554,6.093293263,1280.67195,44.51187967,-110.4536103,0.48191037,24.71558634,0
0.172487745,6.905718872,0.940727194,2.249574576,7.200703907,2300.030828,56.75286551,-109.6315874,0.545094435,27.60724894,0
0.126087623,8.028420765,0.944542229,2.19247384,7.45670098,1690.244292,47.47674687,-108.8095645,0.485475346,25.1708374,0
0.184528186,9.28455627,0.941893056,1.647389696,4.614360352,2609.741927,62.06007043,-107.9875416,0.373569139,38.60475159,0
0.104840686,7.67173266,0.935602777,2.045531948,6.519617058,1205.861745,40.97539026,-107.1655187,0.51217693,22.12089539,0
0.101838235,7.619904813,0.937172041,2.054843793,6.563488985,1202.985393,40.77547664,-106.3434958,0.516032264,21.87492371,0
0.375796569,9.048154347,0.89587608,1.835009762,5.635951894,2286.650969,50.58380895,-105.5214729,0.464006662,29.06930033,0
0.170680147,6.575405199,0.928676428,2.20640082,7.135996029,1739.394553,51.2643414,-104.69945,0.536786415,25.12559001,0
0.168841912,6.510389176,0.928860834,2.233440761,7.25916852,1725.966257,51.08219489,-103.8774271,0.541737628,24.78124491,0
0.167984069,6.556719678,0.929979915,2.227410265,7.240180558,1736.696967,51.31663986,-103.0554042,0.537195269,25.0298818,0
0.145680147,7.808534028,0.918405122,1.972345673,6.193390645,1266.974158,44.28297106,-102.2333813,0.46731426,24.40130615,0
0.147089461,7.904688163,0.918944319,1.948669308,6.067246727,1305.49337,44.79442766,-101.4113584,0.463939787,24.84258525,0
0.14620098,7.974465099,0.920295501,1.928203024,5.971187729,1314.963167,45.02758839,-100.5893355,0.45799477,25.16101074,0
0.071844363,6.190456362,0.914600071,2.336086115,8.102576674,647.9225012,29.15742183,-99.76731257,0.659675615,13.68136597,0
0.072058824,6.055389901,0.908501044,2.385677792,8.367238234,609.0638844,28.05190547,-98.94528967,0.677543225,12.87841288,0
0.121001838,7.223264077,0.964291355,1.965317787,5.657549424,1869.302423,45.11478594,-98.12326677,0.596455405,21.82821655,0
0.062882966,6.088112489,0.905133354,2.441568965,8.901899885,540.9960592,26.26631242,-97.30124387,0.685171482,12.08936564,0
0.215364583,9.513316648,0.939682587,1.502781837,4.282023029,2540.650048,59.0585996,-96.47922098,0.377959327,38.66672262,0
0.201593137,9.698268408,0.945011681,1.491478585,4.29435973,2616.073972,59.65112202,-95.65719808,0.369178557,39.6145579,0
0.201041667,9.670786236,0.942551763,1.498281536,4.379579177,2392.226761,58.75695882,-94.83517518,0.366753841,39.20918274,0
0.153339461,7.810042668,0.916092209,1.994157041,6.351922905,1286.937054,44.17201456,-94.01315228,0.46944946,24.27217102,0
0.201256127,7.705120548,0.925966622,1.841978194,5.574161001,1628.525878,53.43609396,-93.19112938,0.45581814,30.5167745,0
0.189123775,7.545970731,0.924764883,1.917693348,5.903582471,1552.535534,51.86490782,-92.36910648,0.46589934,28.89486694,0
0.187714461,7.607493689,0.926880537,1.892967937,5.806312692,1556.045237,51.95370421,-91.54708358,0.462741116,29.21999613,0
0.393872549,11.33391784,0.873082844,1.281017158,4.022487816,2177.644248,53.06025263,-90.72506068,0.281330328,42.39312236,0
0.401102941,11.00841582,0.880565876,1.22964046,3.807585454,2182.004368,55.06116076,-89.90303778,0.269885606,44.2756958,0
0.626608456,9.937703054,0.793732013,1.743015886,5.458163337,1998.581741,49.02120845,-89.08101488,0.392681654,31.00676473,0
0.141115196,8.053854837,0.942260847,2.048459272,6.337923821,2050.90952,53.84292013,-88.25899199,0.470205011,28.48740641,0
0.147181373,8.029453353,0.939725508,2.057354085,6.385280196,2046.845984,53.46938507,-87.43696909,0.473598506,28.17038472,0
0.148498775,9.624908587,0.94645998,1.561321551,4.395548602,2123.369655,59.47901507,-86.61494619,0.342123875,38.91597493,0
0.158425245,8.725984745,0.940922493,1.857055758,5.503077337,2173.68593,56.56606793,-85.79292329,0.414974959,32.38320414,0
0.097977941,7.139264292,0.941245723,2.195417974,7.333084252,1293.922938,42.1953912,-84.97090039,0.527959752,21.38201904,0
0.102573529,6.978802095,0.938741454,2.240343409,7.553004543,1284.15558,42.15901508,-84.14887749,0.536271119,21.01997884,0
0.387898284,9.193326669,0.892230509,1.803439354,5.540391221,2308.583706,50.69141341,-83.32685459,0.452748526,29.68860881,0
0.16875,6.682102391,0.931156545,2.17825238,7.002296256,1770.851038,51.86486277,-82.50483169,0.526674127,25.75650533,0
0.1453125,7.806099067,0.918429282,1.982196863,6.234055677,1283.755062,44.50300779,-81.68280879,0.468246305,24.43693034,0
0.146997549,7.725951107,0.918366106,1.981940477,6.213327474,1276.667391,44.43027938,-80.86078589,0.471582148,24.29530843,0
0.144515931,7.924573541,0.921072758,1.934297482,5.997966968,1308.984754,44.98043373,-80.038763,0.459959538,25.06337484,0
0.061810662,5.815702627,0.91763683,2.501412553,9.011859298,603.0532753,27.84653261,-79.2167401,0.691010537,12.32425944,0
0.062576593,5.859050453,0.908557036,2.492015034,9.101855967,554.6125838,26.78766736,-78.3947172,0.694255977,11.96759542,0
0.067830882,5.939584319,0.911023003,2.412756713,8.484297485,590.9114383,27.71397888,-77.5726943,0.684130858,12.59451294,0
0.052665441,5.783519981,0.911320056,2.615243461,9.877112694,505.5445535,25.02587677,-76.7506714,0.713799202,10.84007263,0
0.209620098,9.409074325,0.940700648,1.535081742,4.387341265,2536.092762,58.68113522,-75.9286485,0.387531664,37.82429504,0
0.20010723,9.681250342,0.945246466,1.49676031,4.311874476,2610.193015,59.56883599,-75.1066256,0.370311395,39.46580505,0
0.194914216,9.622483471,0.943997707,1.512133493,4.42495096,2387.959096,58.60214551,-74.2846027,0.370952386,38.84168498,0
0.149969363,7.653879157,0.916251208,2.037272478,6.545379145,1268.836519,43.74868316,-73.4625798,0.47979185,23.62396749,0
0.184313725,7.420957465,0.928507867,1.925308362,5.923127258,1571.998352,52.11930069,-72.6405569,0.477956223,28.77699788,0
0.182015931,7.389353909,0.926619639,1.951368405,6.05016306,1536.424844,51.16622688,-71.81853401,0.477195476,28.06929016,0
0.184221814,7.376203887,0.925627591,1.950159738,6.044000166,1523.377347,51.18623083,-70.99651111,0.477581534,28.08650716,0
0.181801471,7.500600658,0.927246367,1.922516997,5.939737794,1515.883548,51.2179891,-70.17448821,0.470077664,28.49567159,0
0.383823529,11.24195339,0.876620741,1.301035314,4.078738696,2191.596483,53.04892075,-69.35246531,0.287389998,41.87307739,0
0.626317402,9.956912118,0.793060246,1.719260732,5.346195878,1985.941164,48.97610144,-68.53044241,0.389019138,31.1868337,0
0.144056373,7.80220674,0.940437515,2.075429245,6.466660823,1958.142779,53.43241869,-67.70841951,0.476057241,27.99793498,0
0.146997549,7.706433247,0.937805525,2.1194122,6.67089544,1954.819125,52.69745634,-66.88639661,0.487554814,27.10246785,0
0.149080882,8.068396933,0.93956899,2.028662745,6.259695313,2027.156908,53.86598857,-66.06437371,0.465326715,28.74353027,0
0.155315564,8.353713755,0.938938237,1.975112492,6.021536199,2067.320282,54.72432606,-65.24235081,0.445542148,29.90385437,0
0.102083333,7.245716306,0.94090573,2.145646897,7.092798078,1309.152295,42.68103216,-64.42032791,0.516743773,22.03931173,0
0.108547794,7.430790217,0.938337803,2.131004705,7.006247476,1370.044275,43.32559993,-63.59830502,0.511488427,22.51357524,0
0.295955882,11.2691266,0.937313128,0.864931878,2.563251252,2518.758824,64.5961658,-62.77628212,0.238419511,56.68479411,0
0.465242034,11.81385285,0.928386384,0.73799937,2.303052578,3554.819178,73.72332065,-61.95425922,0.200512421,68.24702962,0
0.399417892,11.50858586,0.934244903,0.825905667,2.448137934,3216.29941,72.1475797,-61.13223632,0.225252725,63.74293009,0
0.393244485,13.38752843,0.947913073,0.297790757,1.794694171,4431.73018,78.99269921,-60.31021342,0.138851364,91.40237935,0
0.506341912,10.82944589,0.903782229,1.130847375,3.122408322,4030.863024,67.18064033,-59.48819052,0.291080923,50.2559611,0
0.392876838,13.45518945,0.946479042,0.266398239,1.791581346,4035.617411,77.76171912,-58.66616762,0.134547857,92.35097249,0
0.404947917,13.3742473,0.947319645,0.283445762,1.776869613,4339.593862,78.36585709,-57.84414472,0.137683365,91.30243937,0
0.298651961,7.106730136,0.790237536,2.614906176,9.687011074,1142.267323,38.37969084,-57.02212182,0.56642116,17.24552917,0
0.231112132,7.519908497,0.870801937,2.172671978,7.059525842,1292.835767,42.4075835,-56.20009892,0.510405265,21.46461995,0
0.525229779,8.703857969,0.942192802,0.963491718,2.335017022,4678.75065,81.23079968,-55.37807603,0.391130823,57.31668091,0
0.275643382,7.541940112,0.850236935,2.184799638,7.126503976,1322.513261,43.04979354,-54.55605313,0.493521905,21.868337,0
0.245143995,11.85020347,0.95039078,0.740182925,2.319333791,2684.715204,65.18608725,-53.73403023,0.218285273,60.25876363,0
0.258210784,7.833396138,0.841926082,2.149643173,7.031039938,1232.468355,41.17908046,-52.91200733,0.488322601,21.40053304,0
0.251210172,11.99899634,0.9478944,0.728483328,2.283375107,2705.483313,64.17236919,-52.08998443,0.219629677,59.27589925,0
0.308164828,12.50569173,0.953694206,0.678414611,2.196795393,3826.067631,74.98381566,-51.26796153,0.178978803,71.98410543,0
0.267723652,11.91689134,0.960290327,0.712221424,2.158412771,4118.564783,72.18104629,-50.44593863,0.227137613,65.92895508,0
0.267141544,11.91443233,0.960358226,0.712766891,2.159045514,4117.870806,72.17158793,-49.62391573,0.227353075,65.8961436,0
0.601424632,8.678491682,0.943641187,1.099205104,2.463057541,6503.397022,85.37266263,-48.80189283,0.470006872,54.57062785,0
0.310033701,12.3775399,0.948223109,0.726405161,2.216885324,3710.121789,71.97640325,-47.97986993,0.20147174,66.86282349,0
0.272564338,10.93388419,0.947522705,1.04156347,2.878978226,3545.263748,69.74812872,-47.15784704,0.285495813,54.69326274,0
0.299708946,11.23333923,0.952943747,1.091842388,2.967082745,3992.210463,71.45418008,-46.33582414,0.267120712,55.51737976,0
0.274877451,11.32367767,0.953373297,0.996943847,2.728219438,3719.96501,72.21256345,-45.51380124,0.248732835,58.49942017,0
0.274877451,11.32367767,0.953373297,0.996943847,2.728219438,3719.96501,72.21256345,-44.69177834,0.248732835,58.49942017,0
0.284727328,11.50816705,0.948382049,1.014206256,2.799359563,3501.915845,71.07810284,-43.86975544,0.243563554,57.89124552,0
0.208517157,11.49573188,0.962252625,1.021827701,2.795913279,3602.318477,70.60611142,-43.04773254,0.259067798,56.82986959,0
0.250628064,12.05592065,0.953894488,0.906039725,2.588342866,3652.888395,69.27702896,-42.22570964,0.223748702,60.02178955,0
0.306893382,11.2829909,0.95109575,0.925439875,2.567850623,3866.027416,71.95649719,-41.40368674,0.254813375,59.02135213,0
0.254748775,11.32013965,0.956327498,0.92509293,2.530025466,3705.350399,72.21329566,-40.58166384,0.254588902,59.83216858,0
0.252205882,11.89664891,0.960496152,0.73616562,2.197917144,3945.694384,74.94319494,-39.75964094,0.221005291,68.19391886,0
0.301731005,11.58118504,0.954137371,0.882130023,2.506960642,4126.188351,75.54563587,-38.93761805,0.232270433,64.20905558,0
0.239767157,12.69700359,0.961606238,0.598642341,2.087185101,3866.754231,75.17015521,-38.11559515,0.180323631,75.22992452,0
0.236351103,12.22179177,0.957523024,0.786559242,2.313531065,3824.433653,74.16086102,-37.29357225,0.210073713,67.37653605,0
0.261734069,12.54086183,0.951142309,0.742163393,2.275713485,3685.376778,75.490482,-36.47154935,0.195107707,71.41214498,0
0.378538603,12.13280133,0.935745258,0.609117664,2.032037789,3811.479805,76.19006771,-35.64952645,0.195708753,72.77896118,0
0.389338235,10.88892663,0.91339873,1.096633002,2.875281727,3297.208813,68.89071204,-34.82750355,0.262514554,52.77641805,0
0.417830882,10.85123973,0.920938932,1.062542669,2.840813413,3737.872463,70.18071196,-34.00548065,0.276042391,54.06856283,0
0.432169118,10.84837529,0.913560141,1.109633399,2.968006101,3431.747811,68.92714423,-33.18345775,0.264076806,52.4924469,0
0.506954657,10.51057812,0.911100847,1.13215705,2.980046794,3904.11461,70.43029993,-32.36143485,0.29219043,51.73988342,0
0.495557598,11.64129118,0.925529002,0.830804455,2.37403065,4138.334553,75.1560347,-31.53941195,0.213073176,65.55648295,0
0.612561275,10.62892805,0.906617073,0.971403733,2.561348289,4051.052311,73.25301382,-30.71738906,0.274916604,56.99020386,0
0.551378676,10.64211609,0.88666679,1.182677552,3.113142137,3818.223161,67.99395273,-29.89536616,0.307558736,49.17550659,0
0.62489277,11.72709219,0.907461325,0.76262214,2.217472297,4556.631232,75.52810559,-29.07334326,0.221009026,66.42727153,0
0.628186275,11.61205655,0.911706096,0.731460194,2.16493315,4504.33537,76.83980075,-28.25132036,0.222559911,68.18173726,0
0.591957721,11.28589907,0.919812124,0.760810142,2.188533272,4406.999748,77.75521911,-27.42929746,0.230501558,67.4365743,0
0.417493873,11.28262058,0.941152289,0.83457252,2.330533044,4368.376589,77.19655836,-26.60727456,0.236508192,65.06012472,0
0.409160539,10.63043396,0.940544685,0.894473469,2.412521601,4214.248422,76.96533486,-25.78525166,0.263511778,62.019104,0
0.345297181,10.72440577,0.950496272,0.908038485,2.426709216,4393.372053,76.61247573,-24.96322876,0.281435938,60.8631134,0
0.364828431,11.46552083,0.951160797,0.679148047,2.057215005,4445.039161,79.69377752,-24.14120586,0.222637883,71.62118022,0
0.397426471,12.04539751,0.945780413,0.596233048,1.98110583,4575.976034,79.61856566,-23.31918296,0.18544819,76.00980632,0
0.485508578,11.37285377,0.930451706,0.746708797,2.193630964,4416.206666,77.68762361,-22.49716007,0.237370219,67.85376485,0
0.358609069,11.39264455,0.941585002,0.85533509,2.406243876,4369.388733,75.63892937,-21.67513717,0.253741299,63.8117981,0
0.356724877,11.79127741,0.945374646,0.745051472,2.221447675,4436.287561,77.5454528,-20.85311427,0.227642008,69.4877065,0
0.440027574,11.25566733,0.929181296,0.926339513,2.494280011,4216.980599,75.82872511,-20.03109137,0.248692357,61.99005636,0
0.507506127,11.90092525,0.921301514,0.744171357,2.196000915,4306.557229,76.55149741,-19.20906847,0.211003739,68.928538,0
0.507506127,11.90092525,0.921301514,0.744171357,2.196000915,4306.557229,76.55149741,-18.38704557,0.211003739,68.928538,0
0.74833027,10.54673407,0.881722607,1.234960156,3.293884235,4290.893152,69.92482978,-17.56502267,0.317445751,49.59578451,0
0.35479473,9.395451293,0.929287268,1.767686093,5.123841632,3221.75176,60.8569533,-16.74299977,0.454074559,35.80225627,0
0.669255515,9.668718301,0.872423591,1.524058337,4.288380105,3422.012587,63.45351299,-15.92097687,0.387374692,40.58569336,0
0.255882353,10.98582308,0.917924086,1.327419495,3.797833927,2715.754053,56.27317222,-15.09895397,0.314469714,41.04101563,0
0.190012255,10.93231626,0.941603875,1.287405328,3.566095609,2951.477745,59.51983838,-14.27693108,0.313195716,43.3250529,0
0.13916973,5.957524261,0.948690311,2.505687065,8.39071761,2083.983958,52.15051084,-13.45490818,0.61369222,22.21414185,0
0.302757353,8.910745686,0.951610899,1.772720751,5.020662335,3705.346421,64.59613011,-12.63288528,0.504696182,36.4985555,0
0.307582721,9.280257397,0.941705407,1.693986298,4.83240444,2958.262493,63.39766853,-11.81086238,0.432720969,38.19078064,0
0.24463848,9.80798368,0.942420944,1.574102301,4.568413997,2722.398498,56.91987694,-10.98883948,0.394916859,36.15994771,0
0.282429534,9.496145042,0.932965744,1.600085438,4.640176613,2622.720004,56.62376638,-10.16681658,0.409561883,35.26998901,0
0.318995098,10.81136953,0.932150366,1.408392777,3.962534959,2727.218614,56.23680341,-9.344793681,0.354510228,39.25645447,0
0.300750613,10.29337113,0.937980061,1.51914521,4.411700755,2907.076369,56.78651435,-8.522770782,0.376838745,37.80138652,0
0.350995711,10.95744976,0.926598753,1.356968606,3.873379826,3088.051451,59.52731533,-7.700747883,0.317711612,42.80585225,0
0.334313725,10.97580795,0.927431655,1.361721565,3.923455806,3007.606905,58.4638522,-6.878724984,0.32205397,42.27341715,0
0.219546569,9.228589323,0.943926261,1.687377456,4.853075725,2617.612318,58.0118063,-6.056702085,0.426149406,34.73888143,0
0.262408088,10.07051023,0.966256558,1.062085159,2.662796676,4319.286671,76.38609069,-5.234679186,0.345505039,55.34547933,0
0.244240196,9.892791935,0.945794751,1.057028484,2.812142391,2909.86545,62.05905898,-4.412656287,0.355478841,46.20218913,0
0.212469363,9.603258387,0.958896029,1.150107265,2.945106499,3205.059053,65.78268694,-3.590633388,0.35587904,46.59079488,0
0.104901961,10.15700612,0.966012421,1.246251826,3.380313194,2176.06117,56.97397418,-2.768610489,0.355610662,40.97704061,0
0.116237745,10.52589254,0.977255882,1.203642024,3.218633878,3587.70543,72.43667707,-1.94658759,0.325337002,52.80152384,0
0.134099265,9.683291892,0.965481965,1.402008983,3.796277862,2825.596529,63.25944686,-1.124564691,0.382623408,42.0603536,0
0.163756127,9.884280258,0.967923772,1.318908345,3.532784081,3525.962913,70.95848803,-0.302541792,0.355400122,48.59977722,0
0.157950368,10.16780165,0.967364421,1.25114446,3.33310786,3483.192466,70.97241351,0.519481107,0.339875045,50.12203979,0
0.250122549,10.99369042,0.953120233,1.214766646,3.372392158,3311.58502,63.67436603,1.341504006,0.315569806,47.37005615,0
0.815119485,10.58640085,0.886777188,1.108409364,2.885658802,4917.459593,74.05310212,2.163526905,0.314779909,54.03226725,0
0.277083333,8.017354253,0.935474542,2.004758542,5.990506775,2971.25547,57.67004018,2.985549804,0.537571674,29.1076711,0
0.52098652,9.580801454,0.883559203,1.589997696,4.534865107,3198.609204,59.60462838,3.807572703,0.409606278,36.77744548,0
